City,Lat,Lng,Max Temp,Humidity,Cloudiness,Wind Speed,Country,Date
Hambantota,6.12,81.12,77.0,100,40,4.7,LK,1603331810
Codrington,-38.27,141.97,61.21,68,65,6.76,AU,1603331559
Ushuaia,-54.8,-68.3,50.0,53,75,10.29,AR,1603331810
Cabedelo,-6.98,-34.83,77.0,94,75,5.82,BR,1603331810
Yar-Sale,66.83,70.83,19.33,97,91,12.86,RU,1603331811
Maceió,-9.67,-35.74,75.2,88,40,3.36,BR,1603331811
Kohlu,29.9,69.25,54.75,30,0,2.01,PK,1603331811
Vila Velha,-20.33,-40.29,75.2,94,90,2.24,BR,1603331811
Sept-Îles,50.2,-66.38,37.0,100,90,14.99,CA,1603331811
Cayenne,4.93,-52.33,77.0,100,20,9.35,GF,1603331812
Bredasdorp,-34.53,20.04,57.2,87,0,3.36,ZA,1603331812
Ribeira Grande,38.52,-28.7,63.18,71,97,16.62,PT,1603331812
Raahe,64.68,24.48,33.01,94,90,13.87,FI,1603331833
Xai-Xai,-25.05,33.64,69.04,91,40,8.43,MZ,1603331833
Notodden,59.56,9.26,39.99,98,100,4.0,NO,1603331833
Formosa,-26.18,-58.18,77.0,78,40,4.7,AR,1603331834
Port Alfred,-33.59,26.89,61.68,81,0,9.17,ZA,1603331834
Saint-Léonard,47.17,-67.92,48.99,100,100,10.65,CA,1603331834
Kisangani,0.52,25.2,70.83,98,100,2.35,CD,1603331834
Axum,14.12,38.72,56.03,66,0,4.59,ET,1603331834
Cape Town,-33.93,18.42,59.0,87,0,14.99,ZA,1603331768
Qusar,41.43,48.43,46.51,74,66,2.26,AZ,1603331835
Ostrovnoy,68.05,39.51,29.39,97,98,5.75,RU,1603331572
Concepción del Uruguay,-32.48,-58.24,63.0,72,62,8.99,AR,1603331835
Lebu,-37.62,-73.65,47.3,82,0,15.12,CL,1603331835
Saldanha,-33.01,17.94,51.8,81,0,5.82,ZA,1603331243
Scarborough,54.28,-0.4,52.0,89,98,4.0,GB,1603331695
Punta Arenas,-53.15,-70.92,48.2,61,75,6.93,CL,1603331788
Ikryanoye,46.09,47.73,39.2,57,100,4.07,RU,1603331836
Atar,20.52,-13.05,84.09,29,0,2.57,MR,1603331836
Mongo,12.18,18.69,76.68,43,96,1.72,TD,1603331836
Goderich,43.75,-81.72,54.0,80,26,10.49,CA,1603331837
East London,-33.02,27.91,62.74,81,0,11.16,ZA,1603331837
Līgatne,57.23,25.04,48.0,97,100,3.0,LV,1603331837
Nizhniy Odes,63.64,54.86,21.22,96,100,9.33,RU,1603331837
Rørvik,64.86,11.24,37.44,77,56,6.35,NO,1603331837
Touros,-5.2,-35.46,75.2,100,75,4.7,BR,1603331838
Saint George,37.1,-113.58,78.8,10,1,1.16,US,1603331562
Hereford,52.06,-2.71,51.01,96,90,1.01,GB,1603331838
Aguçadoura,41.43,-8.78,57.2,93,40,5.82,PT,1603331838
Nanortalik,60.14,-45.24,33.85,85,75,27.54,GL,1603331838
Salta,-24.79,-65.41,69.8,64,75,9.17,AR,1603331839
Iskateley,67.68,53.15,24.01,95,12,7.47,RU,1603331839
Sisimiut,66.94,-53.67,28.89,94,92,5.08,GL,1603331639
Inta,66.03,60.17,17.22,97,84,8.61,RU,1603331839
Hermanus,-34.42,19.23,55.99,96,0,1.99,ZA,1603331839
Busselton,-33.65,115.33,61.0,66,22,4.0,AU,1603331840
Porto Belo,-27.16,-48.55,73.4,83,40,6.93,BR,1603331840
Velasco Ibarra,-1.05,-79.62,77.7,67,28,5.32,EC,1603331840
Thunder Bay,48.4,-89.32,35.6,94,75,10.29,CA,1603331840
Ust'-Ishim,57.69,71.17,32.29,94,100,9.15,RU,1603331840
Pavlogradka,54.2,73.56,35.42,84,100,13.89,RU,1603331841
Bambous Virieux,-20.34,57.76,73.4,78,40,10.29,MU,1603331841
Muscat,23.61,58.59,73.11,47,1,8.37,OM,1603331744
Buchanan,5.88,-10.05,77.0,90,98,5.46,LR,1603331841
Waldoboro,44.1,-69.38,55.4,100,90,3.36,US,1603331841
Lüderitz,-26.65,15.16,57.97,87,54,21.7,NA,1603331842
San Miguel de Tucumán,-26.82,-65.22,62.6,93,90,4.7,AR,1603331798
Hof,50.32,11.92,52.0,78,20,1.99,DE,1603331842
Jardim,-21.48,-56.14,77.67,68,72,3.15,BR,1603331842
Upernavik,72.79,-56.15,23.61,95,66,3.58,GL,1603331842
Carnarvon,-24.87,113.63,71.6,56,40,19.46,AU,1603331842
Chui,-33.7,-53.46,58.14,76,96,13.69,UY,1603331843
Camacha,33.08,-16.33,64.4,68,40,13.87,PT,1603331843
Tasiilaq,65.61,-37.64,30.2,80,100,4.7,GL,1603331843
São Filipe,14.9,-24.5,80.71,75,46,4.74,CV,1603331843
Araouane,18.9,-3.53,85.57,17,0,5.93,ML,1603331843
Misratah,32.38,15.09,69.49,63,0,7.38,LY,1603331844
Wattegama,6.8,81.48,77.0,100,40,4.7,LK,1603331844
Margate,51.38,1.39,55.99,79,0,3.0,GB,1603331844
Sūsangerd,31.56,48.18,57.2,67,0,0.92,IR,1603331778
Sambava,-14.27,50.17,73.58,80,86,13.27,MG,1603331522
Seidu,9.02,-10.6,66.58,91,83,1.21,SL,1603331845
Chake Chake,-5.25,39.77,76.14,88,31,6.15,TZ,1603331845
Lagoa,39.05,-27.98,62.38,68,78,17.54,PT,1603331845
Koshki,54.21,50.47,28.0,96,36,8.34,RU,1603331845
Ilulissat,69.22,-51.1,28.4,74,100,4.7,GL,1603331845
Ibirataia,-14.07,-39.64,66.94,96,20,1.25,BR,1603331846
Dnestrovsc,46.62,29.91,50.0,81,99,6.71,MD,1603331846
Abaeté,-19.16,-45.45,72.5,81,95,4.43,BR,1603331846
Areosa,41.72,-8.86,57.2,93,40,5.82,PT,1603331846
Chillicothe,39.33,-82.98,64.0,100,90,2.82,US,1603331847
Camopi,3.17,-52.32,75.33,87,0,4.25,GF,1603331847
Saint-Philippe,-21.36,55.77,69.8,64,68,5.82,RE,1603331847
Salinas,36.68,-121.66,64.4,68,1,12.75,US,1603331694
Dikson,73.51,80.55,23.79,95,99,12.17,RU,1603331869
Longyearbyen,78.22,15.64,21.2,79,75,5.82,SJ,1603331869
Talen,23.57,76.72,75.72,49,74,4.23,IN,1603331869
Torbay,47.67,-52.73,46.99,93,90,10.29,CA,1603331869
Narsaq,60.92,-46.05,30.2,80,91,2.24,GL,1603331869
Adavere,58.71,25.9,46.99,98,100,3.0,EE,1603331870
Muzambinho,-21.38,-46.53,62.85,94,44,6.55,BR,1603331891
Shahreza,32.03,51.88,41.23,61,0,3.94,IR,1603331891
Black River,18.03,-77.85,80.6,78,75,2.24,JM,1603331912
Boyuibe,-20.42,-63.28,70.12,73,69,1.68,BO,1603331912
Qaanaaq,77.48,-69.36,20.17,85,100,6.58,GL,1603331912
Laguna,38.42,-121.42,80.6,28,1,1.23,US,1603331910
Ponta do Sol,32.67,-17.1,64.4,59,20,13.87,PT,1603331913
Ancud,-41.87,-73.82,46.0,87,14,4.7,CL,1603331913
Vardø,70.37,31.11,33.33,90,60,8.68,NO,1603331913
Ilo,-17.64,-71.34,63.25,77,93,4.43,PE,1603331913
Mutoko,-17.4,32.23,65.7,60,60,7.54,ZW,1603331914
Arraial do Cabo,-22.97,-42.03,72.75,88,31,13.15,BR,1603331914
Clyde River,70.47,-68.59,15.8,78,1,5.82,CA,1603331264
Kabo,7.7,18.63,72.39,84,98,2.93,CF,1603331914
Bengkulu,-3.8,102.27,78.89,80,100,4.34,ID,1603331914
Jiwani,25.05,61.74,77.47,22,0,14.38,PK,1603331915
Saint-Pierre,-21.34,55.48,69.8,64,56,5.82,RE,1603331915
Sandwick,60.0,-1.25,46.4,70,99,20.8,GB,1603331915
Atkarsk,51.87,45.01,32.02,99,91,7.09,RU,1603331915
Kangaatsiaq,68.31,-53.46,32.94,89,99,9.8,GL,1603331915
Khakhea,-24.69,23.49,71.46,49,0,19.62,BW,1603331916
Comodoro Rivadavia,-45.87,-67.5,50.0,81,0,20.09,AR,1603331916
Manyana,-23.4,21.72,71.55,46,62,15.43,BW,1603331916
Kasungu,-13.03,33.48,71.19,47,15,9.82,MW,1603331916
Hithadhoo,-0.6,73.08,82.6,74,12,12.88,MV,1603331916
Ziniaré,12.58,-1.3,77.0,94,74,2.24,BF,1603331916
Mehamn,71.04,27.85,29.59,94,0,7.02,NO,1603331917
Cidreira,-30.18,-50.21,65.59,89,100,17.85,BR,1603331903
Ascension,30.22,-90.9,77.0,78,40,5.37,US,1603331917
Saint-Joseph,-21.37,55.62,69.8,64,61,5.82,RE,1603331917
Pitimbu,-7.47,-34.81,77.0,94,75,5.82,BR,1603331804
Quelimane,-17.88,36.89,71.6,88,0,2.24,MZ,1603331918
Gijón,43.54,-5.66,53.6,93,0,2.24,ES,1603331918
Jutaí,-5.18,-68.9,73.45,94,100,0.74,BR,1603331918
Tabuk,17.42,121.44,85.84,68,100,9.17,PH,1603331918
Władysławowo,54.79,18.4,54.0,76,4,12.75,PL,1603331919
Matagami,49.75,-77.63,33.8,100,90,8.05,CA,1603331919
Mochalishche,56.33,48.35,32.0,96,40,8.95,RU,1603331919
Nuuk,64.18,-51.72,30.2,86,82,10.29,GL,1603331827
Faya,18.39,42.45,59.0,19,76,3.36,SA,1603331919
Barentu,15.11,37.59,72.34,50,0,4.7,ER,1603331920
Hong Kong,22.29,114.16,77.0,64,36,1.01,HK,1603331699
Thinadhoo,0.53,72.93,82.85,75,57,14.41,MV,1603331920
Rundu,-17.93,19.77,70.74,21,0,8.23,NA,1603331920
Olafsvik,64.89,-23.71,39.81,83,100,26.33,IS,1603331921
Dingle,11.0,122.67,85.69,75,51,13.11,PH,1603331347
Copiapó,-27.37,-70.33,53.6,81,0,11.41,CL,1603331768
Baharly,38.44,57.43,53.98,42,50,2.01,TM,1603331921
Kargopol',61.51,38.95,26.83,98,89,1.61,RU,1603331922
Korla,41.76,86.15,48.99,90,0,1.01,CN,1603331922
Vytegra,61.01,36.45,30.29,96,100,7.43,RU,1603331922
Mount Darwin,-16.77,31.58,69.22,63,5,5.53,ZW,1603331922
Khāsh,28.22,61.22,46.76,38,0,6.8,IR,1603331922
Raja,8.46,25.68,70.52,90,100,4.09,SS,1603331923
Mīnāb,27.15,57.08,57.2,62,0,4.7,IR,1603331923
Gemona,46.28,13.14,53.01,95,91,1.01,IT,1603331944
Matara,5.95,80.54,80.73,81,3,11.81,LK,1603331944
Jamestown,42.1,-79.24,54.0,93,75,5.82,US,1603331944
Lagos,6.58,3.75,78.8,94,20,3.36,NG,1603331717
Bafoulabé,13.81,-10.83,77.97,31,8,2.06,ML,1603331945
Necochea,-38.55,-58.74,46.99,73,51,8.01,AR,1603331945
Kavaratti,10.57,72.64,81.1,77,100,15.08,IN,1603331945
Lima,-12.04,-77.03,62.6,82,69,14.99,PE,1603331776
Morondava,-20.28,44.28,72.32,87,0,11.34,MG,1603331946
Dragalina,44.43,27.32,50.0,67,2,7.34,RO,1603331946
Sinnamary,5.38,-52.95,79.75,83,0,9.75,GF,1603331946
San Rafael,-34.62,-68.33,54.66,69,8,5.84,AR,1603331946
Tabas,33.6,56.92,53.06,36,0,1.34,IR,1603331947
Anloga,5.79,0.9,78.8,88,40,4.7,GH,1603331914
Český Dub,50.66,15.0,51.01,95,95,8.01,CZ,1603331968
Chateaubelair,13.28,-61.25,84.2,74,40,13.87,VC,1603331968
Tashla,51.77,52.74,29.35,94,0,8.66,RU,1603331968
Ngorongoro,-3.24,35.49,51.26,93,88,6.31,TZ,1603331968
Ferrol,43.48,-8.24,57.0,87,32,8.05,ES,1603331969
Argostoli,38.18,20.49,65.26,61,0,5.26,GR,1603331969
Kapoeta,4.77,33.59,75.43,73,45,4.27,SS,1603331969
Baft,29.23,56.61,46.27,32,0,3.13,IR,1603331969
Mar del Plata,-38.0,-57.56,54.0,71,11,17.22,AR,1603331735
Walvis Bay,-22.96,14.51,60.8,77,7,11.41,NA,1603331235
Rocky Mount,35.94,-77.79,66.2,93,1,5.44,US,1603331970
Coruripe,-10.13,-36.18,75.63,86,62,8.05,BR,1603331970
Taoudenni,22.68,-3.98,79.54,17,42,6.6,ML,1603331939
Souillac,-20.52,57.52,73.4,78,40,10.29,MU,1603331970
Wilmington,34.23,-77.94,73.0,88,1,3.36,US,1603331224
Kikwit,-5.04,18.82,69.46,96,100,0.6,CD,1603331971
Bathsheba,13.22,-59.52,82.4,78,40,12.75,BB,1603331892
Mozarlândia,-14.74,-50.57,73.69,86,100,4.56,BR,1603331971
Kommunar,59.62,30.39,39.2,93,90,8.95,RU,1603331972
Kupino,54.37,77.3,41.47,74,100,17.58,RU,1603331993
Kamenka,51.32,42.77,35.01,94,100,5.37,RU,1603331993
Brae,60.4,-1.35,46.4,70,100,20.8,GB,1603331993
Kendallville,41.44,-85.27,52.0,87,90,6.93,US,1603331994
Krasnoarmeysk,51.02,45.7,36.0,68,86,4.0,RU,1603331994
Ustka,54.58,16.86,56.79,73,0,23.24,PL,1603331809
Doha,25.29,51.53,77.0,73,0,5.82,QA,1603331994
Perevolotskiy,51.88,54.19,28.29,94,0,9.84,RU,1603331994
Lafia,8.48,8.52,74.79,86,100,1.45,NG,1603331994
Antofagasta,-23.65,-70.4,59.0,82,90,12.75,CL,1603331995
Manhuaçu,-20.26,-42.03,66.58,91,85,1.95,BR,1603331995
Pangody,65.85,74.49,16.83,97,93,8.46,RU,1603331995
Port Elizabeth,-33.92,25.57,55.4,93,0,3.36,ZA,1603331995
Mahébourg,-20.41,57.7,73.4,78,40,10.29,MU,1603331995
Divičani,44.37,17.33,41.0,93,100,4.7,BA,1603331996
Plouzané,48.38,-4.62,55.4,100,90,8.05,FR,1603331996
Marrakesh,31.63,-8.01,62.6,82,75,2.24,MA,1603331789
Mossamedes,-15.2,12.15,69.78,82,48,2.93,AO,1603331996
Raudeberg,61.99,5.14,44.01,83,76,20.87,NO,1603331996
Berlevåg,70.86,29.09,30.43,94,13,8.68,NO,1603331934
Mahajanga,-15.72,46.32,75.2,47,20,8.05,MG,1603331997
Adrar,20.5,-10.07,83.25,19,3,4.85,MR,1603331997
Bariloche,-41.15,-71.31,51.8,66,40,8.05,AR,1603331997
Tolú Viejo,9.45,-75.44,76.6,87,34,5.39,CO,1603331997
Kayerkan,69.35,87.76,12.2,92,40,13.42,RU,1603331998
Sovetskiy,61.36,63.58,27.77,97,100,3.83,RU,1603331998
Kamakwie,9.5,-12.23,73.49,96,100,1.88,SL,1603331998
Skibbereen,51.55,-9.27,41.0,93,20,8.05,IE,1603331998
Abu Dhabi,24.47,54.37,75.2,78,0,2.24,AE,1603331920
Čadca,49.44,18.79,44.01,100,20,1.12,SK,1603331999
Mocuba,-16.84,36.99,69.04,97,4,3.42,MZ,1603331999
Santo Antônio do Içá,-3.1,-67.94,73.69,96,68,1.79,BR,1603331991
Birjand,32.87,59.22,37.4,15,0,9.17,IR,1603331999
Giohar,2.78,45.5,77.13,85,5,7.31,SO,1603332000
Meulaboh,4.14,96.13,82.08,72,100,3.56,ID,1603331926
Wana,32.3,69.57,52.95,32,0,1.45,PK,1603332000
Santarém,-2.44,-54.71,82.4,78,20,5.82,BR,1603332000
Kontagora,10.4,5.47,73.99,61,0,0.43,NG,1603332001
Kinango,-4.14,39.32,70.5,97,73,3.8,KE,1603332001
Grand Gaube,-20.01,57.66,71.01,84,51,1.01,MU,1603332001
Vallenar,-28.57,-70.76,58.57,56,0,1.74,CL,1603332002
Kemijärvi,66.71,27.43,29.37,98,100,11.16,FI,1603332003
Tselinnoye,53.08,85.67,43.79,60,92,11.63,RU,1603332007
Camaná,-16.62,-72.71,62.53,77,63,2.28,PE,1603332007
Kalmunai,7.42,81.82,82.17,68,0,3.62,LK,1603332008
Andijan,40.78,72.34,53.6,40,19,8.95,UZ,1603332008
Santa Vitória,-18.84,-50.12,75.92,74,52,4.65,BR,1603332008
Dinguiraye,11.3,-10.72,72.61,74,72,2.33,GN,1603332009
Sinjār,36.32,41.88,69.76,25,0,7.52,IQ,1603332010
Nova Olímpia,-14.8,-57.29,77.85,63,6,1.32,BR,1603332011
Buriti Alegre,-18.14,-49.04,69.19,92,78,5.12,BR,1603332012
Vila Franca do Campo,37.72,-25.43,60.8,72,75,6.93,PT,1603332012
Santiago del Estero,-27.8,-64.26,70.32,63,19,10.13,AR,1603331858
Sabzawār,36.21,57.68,50.11,70,0,6.85,IR,1603332034
Maunabo,18.01,-65.9,79.0,100,52,2.75,PR,1603332034
Lahore,31.55,74.34,59.0,82,0,4.5,PK,1603332035
San Cristobal,7.77,-72.22,66.36,88,51,2.51,VE,1603332035
Talnakh,69.49,88.4,12.2,92,40,13.42,RU,1603332036
George Town,5.41,100.34,80.6,74,40,2.24,MY,1603332011
Veseloyarsk,51.28,81.11,48.78,48,100,17.67,RU,1603332036
Nzega,-2.48,29.56,57.42,89,67,3.58,RW,1603332037
Rochegda,62.8,43.25,27.46,98,82,3.29,RU,1603332037
Punta Alta,-38.88,-62.07,56.95,56,89,14.25,AR,1603332037
Bhachāu,23.28,70.35,79.99,58,56,7.54,IN,1603332038
Kruisfontein,-34.0,24.73,54.12,72,0,4.79,ZA,1603332038
Mâncio Lima,-7.61,-72.9,72.72,97,97,1.23,BR,1603332038
Bantry,51.68,-9.45,41.0,93,20,8.05,IE,1603332039
Grindavik,63.84,-22.43,41.0,93,90,24.16,IS,1603331953
Roald,62.58,6.13,42.8,75,93,21.92,NO,1603332039
Mt. Pleasant,32.79,-79.86,73.99,100,1,9.78,US,1603332039
Shakawe,-18.37,21.85,70.47,24,0,5.03,BW,1603332040
Qom,34.64,50.88,50.27,73,0,3.89,IR,1603332040
Linz,48.31,14.29,44.01,100,75,4.7,AT,1603332040
Santa Isabel Rio Negro,-0.41,-65.02,74.52,96,17,1.16,BR,1603332041
Sebastian,35.17,-94.27,75.2,64,1,5.82,US,1603332041
Sarakhs,36.54,61.16,57.2,58,66,2.24,IR,1603332042
Leer,8.3,30.14,72.48,90,47,1.5,SS,1603332042
Noyabrsk,63.2,75.45,24.66,96,100,5.08,RU,1603332043
Havre-St-Pierre,50.23,-63.6,35.6,100,90,11.41,CA,1603332043
São João da Barra,-21.64,-41.05,73.45,87,26,10.2,BR,1603331888
Praia da Vitória,38.73,-27.07,62.6,63,75,16.22,PT,1603332043
Rawson,-43.3,-65.1,56.95,38,31,20.4,AR,1603332044
Departamento de Maldonado,-34.67,-54.92,57.99,76,90,21.92,UY,1603332044
Tūkrah,32.53,20.58,65.26,63,7,3.85,LY,1603332045
Valparaíso,-33.04,-71.63,50.0,100,40,2.24,CL,1603332045
Saint Anthony,45.02,-93.22,35.01,74,90,0.45,US,1603332045
La Palma,33.85,-118.05,69.8,68,1,6.93,US,1603332046
Darnah,32.77,22.64,68.72,65,5,12.86,LY,1603332046
Port-Cartier,50.03,-66.87,37.0,100,90,14.99,CA,1603332047
Zmeinogorsk,51.16,82.19,45.57,54,99,15.79,RU,1603332047
La Macarena,2.18,-73.78,72.61,97,100,0.87,CO,1603332048
Tamandaré,-8.76,-35.1,76.59,86,36,8.59,BR,1603332009
Shubarshi,48.59,57.19,35.06,83,100,9.46,KZ,1603332048
Lakhdenpokh'ya,61.52,30.2,37.0,91,100,14.27,RU,1603332048
Laas,46.62,10.7,51.01,100,5,3.87,IT,1603332049
Glens Falls,43.31,-73.64,64.4,88,75,8.05,US,1603332000
Zabid,14.2,43.32,84.9,62,16,2.73,YE,1603332049
Thompson,55.74,-97.86,24.8,92,90,3.36,CA,1603332032
Ziarat,30.38,67.73,43.75,41,0,6.31,PK,1603332050
Tocopilla,-22.09,-70.2,61.93,63,39,5.7,CL,1603331959
Bosaso,11.28,49.18,79.29,63,44,4.12,SO,1603332050
Sørland,67.67,12.69,37.72,76,89,11.9,NO,1603332051
Novo Aripuanã,-5.12,-60.38,72.25,93,100,2.75,BR,1603332051
Saint-Ambroise,48.55,-71.33,39.2,93,90,8.34,CA,1603332052
Hals,57.0,10.31,54.0,97,100,5.01,DK,1603332052
Damaturu,11.75,11.96,79.81,16,0,6.53,NG,1603332052
Saryagash,41.45,69.17,55.4,47,20,6.93,KZ,1603331525
Ternovka,51.68,41.64,36.66,88,100,7.67,RU,1603332074
Gilgit,35.92,74.31,56.86,31,0,4.83,PK,1603332095
Caravelas,-17.71,-39.25,74.43,86,98,4.41,BR,1603332095
Mongua,5.75,-72.8,45.86,96,75,3.49,CO,1603332096
Luanda,-8.84,13.23,77.0,78,75,5.82,AO,1603332096
Bud,39.45,-86.18,57.99,93,75,6.22,US,1603331951
Saint-Augustin,51.23,-58.65,36.88,86,100,10.47,CA,1603332096
Porosozero,62.72,32.73,29.59,97,100,9.04,RU,1603332097
Loralai,30.37,68.6,52.77,31,0,5.08,PK,1603332097
Ivanava,52.15,25.54,47.37,78,100,10.0,BY,1603332097
Bubaque,11.28,-15.83,81.84,83,100,8.9,GW,1603332098
Gobabis,-22.45,18.97,71.02,21,17,18.43,NA,1603332098
Hofn,64.25,-15.21,35.8,82,52,8.68,IS,1603332119
Miraflores,19.22,-98.81,68.0,34,40,13.87,MX,1603332120
Opuwo,-18.06,13.84,55.15,71,0,1.41,NA,1603332120
Najrān,17.49,44.13,62.6,21,100,4.7,SA,1603332120
Harar,9.31,42.13,55.72,40,0,3.13,ET,1603332121
Quatre Cocos,-20.21,57.76,73.4,78,40,10.29,MU,1603332121
Ocala,29.19,-82.14,75.2,94,40,4.7,US,1603331999
Vestmannaeyjar,63.44,-20.27,41.77,89,100,28.03,IS,1603332122
Pisco,-13.7,-76.22,63.0,82,0,17.22,PE,1603332122
Resistencia,-27.46,-58.98,84.2,58,6,10.29,AR,1603332122
Timizart,36.8,4.27,64.4,44,100,9.17,DZ,1603332122
Northallerton,54.34,-1.43,51.8,81,77,12.75,GB,1603332123
Salalah,17.02,54.09,77.0,78,40,3.36,OM,1603332035
Gao,16.64,1.64,86.13,13,0,7.52,ML,1603332108
Yining,29.04,114.56,68.31,55,0,2.62,CN,1603332123
Salihorsk,52.79,27.54,47.43,88,100,8.9,BY,1603332123
Coquimbo,-29.95,-71.34,53.6,87,0,6.93,CL,1603331898
Taltal,-25.4,-70.48,57.33,76,12,4.25,CL,1603332020
Snezhnogorsk,69.19,33.25,15.8,92,90,4.14,RU,1603332145
Saint-Marc,19.11,-72.69,80.24,71,98,2.59,HT,1603332145
Port-Gentil,-0.72,8.78,78.13,86,91,11.34,GA,1603331978
Ikongo,-21.88,47.43,64.94,79,67,1.72,MG,1603332146
Vila Praia de Âncora,41.81,-8.85,55.0,100,75,6.93,PT,1603332146
Kodino,63.72,39.64,24.96,98,29,3.4,RU,1603332147
Kasangulu,-4.59,15.17,70.68,94,100,2.04,CD,1603332147
Altos del Rosario,8.79,-74.17,76.35,97,85,2.15,CO,1603332147
Grand-Santi,4.25,-54.38,73.71,95,98,3.91,GF,1603332147
Pemba,-12.97,40.52,75.18,86,33,8.55,MZ,1603332147
Pointe Michel,15.25,-61.38,81.09,77,46,9.91,DM,1603332148
Cherkasskoye,52.43,47.22,29.26,94,50,4.85,RU,1603332148
Murmashi,68.82,32.81,15.8,92,90,2.64,RU,1603332169
Sidi Ali,36.1,0.42,67.06,71,100,6.17,DZ,1603332169
Agirish,61.92,63.02,26.51,98,100,5.3,RU,1603332191
Ratnagiri,16.98,73.3,78.1,85,0,4.7,IN,1603332191
Hamilton,39.18,-84.53,63.0,93,90,2.89,US,1603332004
Santa Maria,-29.68,-53.81,67.23,79,70,14.72,BR,1603332191
Tazovsky,67.47,78.7,15.04,97,86,11.07,RU,1603332192
Andenes,69.31,16.12,35.6,69,83,13.87,NO,1603332192
Barcelona,41.39,2.16,66.99,88,20,5.82,ES,1603332009
Usinsk,65.99,57.53,19.78,96,2,10.0,RU,1603332213
Aksarka,66.56,67.8,18.05,97,99,13.73,RU,1603332214
Alto Araguaia,-17.31,-53.22,72.93,68,10,3.31,BR,1603332214
Porto-Novo,6.5,2.6,77.45,90,2,3.62,BJ,1603332214
Salinópolis,-0.61,-47.36,80.24,78,67,12.59,BR,1603332214
Jalu,29.03,21.55,61.0,62,0,7.96,LY,1603332215
Havelock,34.88,-76.9,71.01,88,1,4.7,US,1603332215
Okakarara,-20.58,17.43,62.1,37,8,3.87,NA,1603332215
Takoradze,4.88,-1.76,76.66,92,58,7.31,GH,1603332215
Kishtwār,33.32,75.77,51.31,45,0,2.89,IN,1603332215
Albany,42.6,-73.97,66.0,83,100,2.95,US,1603332216
Santa Catalina,9.33,122.86,89.6,59,40,11.41,PH,1603332216
Saint-François,46.42,3.91,63.0,67,95,4.7,FR,1603332216
Pokhara,28.23,83.98,70.09,39,0,2.08,NP,1603332105
Borba,-4.39,-59.59,72.97,97,100,3.89,BR,1603332216
Murgab,37.5,61.97,51.8,57,75,9.17,TM,1603332217
Konëvo,62.12,39.32,31.68,95,100,2.42,RU,1603332217
Vredendal,-31.67,18.5,60.75,33,0,1.97,ZA,1603332217
Sainte-Maxime,43.3,6.63,64.4,77,20,11.41,FR,1603332217
Dabola,10.75,-11.12,71.19,83,98,2.04,GN,1603332218
Itigi,-5.7,34.48,63.41,74,100,6.42,TZ,1603332218
Ondjiva,-17.07,15.73,62.76,40,3,4.23,AO,1603332218
Soyo,-6.13,12.37,77.09,83,100,8.3,AO,1603332218
Iralaya,15.0,-83.23,80.15,85,89,9.24,HN,1603332219
Gacko,43.17,18.54,39.2,93,66,2.24,BA,1603332219
Iqaluit,63.75,-68.51,32.0,93,90,8.05,CA,1603332050
Povenets,62.85,34.83,34.21,88,100,9.17,RU,1603332219
Elliot,-31.33,27.85,54.25,70,0,4.85,ZA,1603332219
Fairhope,30.52,-87.9,77.0,83,1,3.36,US,1603332220
Tsimmerbude,54.67,20.13,51.8,87,60,13.42,RU,1603332220
Waddān,29.16,16.14,60.06,70,0,9.84,LY,1603332220
Corner Brook,48.97,-57.95,50.0,93,90,10.29,CA,1603332220
Mindelo,16.89,-24.98,78.8,78,40,25.28,CV,1603332221
Palma di Montechiaro,37.19,13.77,59.0,84,51,4.29,IT,1603332221
Diré,12.28,-10.97,74.39,67,100,1.77,ML,1603332221
Zhizdra,53.75,34.74,41.7,96,100,3.83,RU,1603332221
İslahiye,37.02,36.63,73.0,54,0,5.82,TR,1603332221
Kachīry,53.07,76.1,40.78,69,100,18.14,KZ,1603332222
Karpathos,35.51,27.21,64.4,82,10,8.05,GR,1603332222
Torit,4.41,32.57,70.65,87,56,2.04,SS,1603332222
Leamington,42.05,-82.61,51.01,87,1,3.36,CA,1603332222
Saint Lawrence,36.06,14.2,63.0,82,59,2.24,MT,1603332223
Bonthe,7.53,-12.51,77.56,86,100,3.44,SL,1603332223
Camocim,-2.9,-40.84,78.24,84,5,11.86,BR,1603332223
Dzaoudzi,-12.79,45.27,78.8,83,75,11.41,YT,1603332244
Hashtrūd,37.48,47.05,45.39,84,3,1.95,IR,1603332244
Novoutkinsk,56.99,59.56,27.54,96,100,10.04,RU,1603332245
Kerugoya,-0.5,37.28,60.62,88,98,0.98,KE,1603332245
Mlimba,-8.8,35.82,73.0,64,100,3.76,TZ,1603332245
Arrondissement de Sens,48.17,3.33,57.0,91,100,1.01,FR,1603332245
Atbasar,51.8,68.33,37.24,77,100,10.54,KZ,1603332246
Lukuledi,-10.57,38.8,70.74,81,60,0.11,TZ,1603332246
Carauari,-4.88,-66.9,75.16,89,16,1.9,BR,1603332267
Nara,34.69,135.8,71.01,64,75,5.82,JP,1603332245
Bezhetsk,57.79,36.7,35.55,95,100,5.39,RU,1603332268
Les Cayes,18.2,-73.75,78.49,81,100,4.12,HT,1603332268
Port Blair,11.67,92.75,82.13,82,84,11.97,IN,1603332268
Bilma,18.69,12.92,79.09,17,10,12.59,NE,1603332268
Castro,-24.79,-50.01,58.5,95,21,8.77,BR,1603332032
Richards Bay,-28.78,32.04,62.62,86,4,5.79,ZA,1603332269
Estreito,-5.78,-43.25,78.48,35,4,2.48,BR,1603332269
Kutum,14.2,24.67,71.69,20,0,11.81,SD,1603332269
Qasigiannguit,68.82,-51.19,28.4,74,92,4.7,GL,1603332269
Muros,42.78,-9.06,55.0,86,19,3.0,ES,1603332269
Pabbi,34.01,71.8,60.8,77,0,2.37,PK,1603332270
San Andrés,12.58,-81.7,80.6,88,40,2.24,CO,1603332270
Lyubech,51.7,30.66,46.92,80,100,5.48,UA,1603332270
Iquique,-20.22,-70.14,64.4,77,90,12.75,CL,1603332270
Uppsala County,60.0,17.75,50.0,100,90,8.05,SE,1603332270
Bārsi,18.23,75.7,77.04,77,16,2.75,IN,1603332270
Abu Samrah,35.3,37.18,62.58,88,0,7.07,SY,1603332271
Saquarema,-22.92,-42.51,73.4,94,40,10.29,BR,1603332160
Stornoway,58.21,-6.39,46.4,87,100,21.92,GB,1603331981
Amapá,1.0,-52.0,77.56,74,12,5.12,BR,1603332271
Omboué,-1.57,9.26,75.97,91,100,6.85,GA,1603332272
Bauchi,10.5,10.0,72.93,37,0,4.16,NG,1603332272
Hauzenberg,48.65,13.63,46.99,94,33,1.45,DE,1603332272
Arlit,18.74,7.39,83.14,14,0,3.47,NE,1603332272
Chicama,-7.84,-79.15,64.58,79,42,6.06,PE,1603332272
El Dorado,38.77,-120.52,71.6,28,1,3.36,US,1603332272
Beyneu,45.32,55.2,42.3,65,100,8.9,KZ,1603332273
São Francisco de Assis,-29.55,-55.13,67.03,79,3,20.42,BR,1603332273
Lodwar,3.12,35.6,84.27,45,2,17.27,KE,1603332273
Liverpool,53.41,-2.98,51.8,76,40,13.87,GB,1603332030
Umm Kaddadah,13.6,26.69,82.06,15,0,16.4,SD,1603332274
Kostanay,53.17,63.58,30.2,92,90,11.18,KZ,1603332274
Praia,14.92,-23.51,80.6,74,20,17.22,CV,1603332274
Sfântu Gheorghe,45.87,25.78,40.78,66,100,0.56,RO,1603332274
Dwārka,22.24,68.97,81.72,60,90,8.1,IN,1603332275
Chapais,49.78,-74.85,32.0,98,90,6.93,CA,1603332275
Province of Mantua,45.17,10.78,50.0,100,52,2.24,IT,1603332237
Macapá,0.04,-51.07,82.4,83,20,8.05,BR,1603332275
Zhezkazgan,47.8,67.71,38.14,67,4,11.99,KZ,1603332275
Aksu,41.12,80.26,48.4,44,0,0.47,CN,1603332276
Pimentel,-6.84,-79.93,62.37,87,1,13.51,PE,1603332276
Nikel,69.41,30.22,21.2,100,90,8.05,RU,1603332276
Northport,33.23,-87.58,77.0,69,1,4.7,US,1603332276
Beloha,-25.17,45.05,67.14,83,0,10.67,MG,1603332276
Caraballeda,10.61,-66.85,78.8,78,75,8.05,VE,1603332277
Husavik,66.04,-17.34,28.4,86,61,2.24,IS,1603332013
Assiut,27.18,31.18,72.46,44,0,5.23,EG,1603332277
Nālūt,30.33,10.85,63.73,44,0,17.56,LY,1603332277
Domoni,-12.26,44.53,78.19,78,39,9.95,KM,1603332277
Caucayá,-0.19,-74.78,72.34,97,100,2.06,CO,1603332248
Kasongo,-4.45,26.67,68.77,99,96,4.83,CD,1603332278
Aswān,24.09,32.91,75.52,25,0,7.78,EG,1603332278
Hwange,-18.37,26.5,75.24,54,0,6.76,ZW,1603332278
Nikaia,37.97,23.65,64.99,59,20,9.17,GR,1603332279
St. George's,12.06,-61.75,84.2,83,20,13.87,GD,1603332279
Lauro Muller,-28.39,-49.4,66.38,90,100,2.15,BR,1603332279
San Luis,-33.3,-66.34,62.89,66,99,8.46,AR,1603332279
Ambilobe,-13.2,49.05,69.87,78,8,3.36,MG,1603332279
Avrillé,47.5,-0.58,55.0,93,0,2.24,FR,1603332280
Tabora,-5.02,32.8,73.4,69,75,5.82,TZ,1603332280
Paris,48.85,2.35,60.01,93,99,6.93,FR,1603331836
Hobyo,5.35,48.53,79.39,84,0,17.6,SO,1603332265
Ilām,26.92,87.92,65.64,58,0,3.6,NP,1603332280
Ginir,7.13,40.7,55.87,81,1,5.01,ET,1603332281
Tres Arroyos,-38.37,-60.28,46.22,63,66,11.25,AR,1603332281
Llanes,43.42,-4.75,64.99,71,11,7.45,ES,1603332281
Bonavista,48.65,-53.11,44.01,87,63,5.01,CA,1603332281
Oyón,-10.67,-76.77,49.91,62,49,5.12,PE,1603332282
Altay,47.87,88.12,44.73,47,0,5.28,CN,1603332282
Kirillov,59.86,38.38,21.2,100,99,3.4,RU,1603332282
Forsytheganj,52.63,29.73,46.15,88,100,6.31,BY,1603332282
Lukovetskiy,64.3,41.92,26.6,92,90,2.64,RU,1603332283
Uruguaiana,-29.75,-57.09,73.4,69,0,17.22,BR,1603332113
Guhāgar,17.48,73.19,77.67,87,0,4.27,IN,1603332283
Pangnirtung,66.15,-65.71,28.4,86,90,5.82,CA,1603332283
Baghmara,23.8,86.21,77.97,68,18,4.5,IN,1603332283
Isla Mujeres,21.23,-86.73,82.4,83,75,5.82,MX,1603332284
Abonnema,4.71,6.79,77.0,94,20,3.94,NG,1603332284
Qaqortoq,60.72,-46.03,30.2,80,68,2.24,GL,1603332284
Hammerfest,70.66,23.68,27.64,94,0,12.46,NO,1603332097
Mezen',65.85,44.24,25.38,97,10,2.13,RU,1603332284
Inhambane,-23.86,35.38,71.17,87,23,8.66,MZ,1603332277
Saurimo,-9.66,20.39,65.21,93,82,0.43,AO,1603332285
Carballo,43.21,-8.69,55.99,87,53,8.05,ES,1603332285
Los Algarrobos,8.5,-82.43,64.99,100,100,2.33,PA,1603332285
Horodyshche,49.28,31.45,49.82,62,100,3.51,UA,1603332286
Venezuela,8.0,-66.0,82.17,71,100,5.91,VE,1603332286
Port Hawkesbury,45.62,-61.35,54.0,100,90,8.05,CA,1603332286
Orbetello,42.44,11.22,57.2,93,75,4.7,IT,1603332286
Blagoyevo,63.37,47.92,23.65,98,69,5.03,RU,1603332286
Serdobsk,52.46,44.22,31.68,99,69,5.95,RU,1603332287
Luba,3.46,8.55,78.71,77,58,2.57,GQ,1603332287
Calvinia,-31.47,19.78,59.18,27,0,8.72,ZA,1603332287
Mogadishu,2.04,45.34,79.65,85,6,12.03,SO,1603332281
Moa,20.66,-74.94,78.91,82,99,9.01,CU,1603332287
Kiryat Gat,31.61,34.76,70.0,77,0,3.36,IL,1603332288
Tessalit,20.2,1.01,80.78,17,0,7.47,ML,1603332288
Bohdan,48.04,24.35,42.91,63,50,1.95,UA,1603332288
Marion,39.77,-86.16,60.8,87,90,6.93,US,1603332124
Alta Floresta,-9.88,-56.09,74.1,83,100,2.71,BR,1603332288
Codroipo,45.96,12.98,54.0,91,44,3.62,IT,1603332289
Paamiut,61.99,-49.67,32.77,85,0,23.49,GL,1603332289
Itarema,-2.92,-39.92,79.77,81,3,15.73,BR,1603332267
Aden,12.78,45.04,85.35,57,24,3.76,YE,1603332112
Taraz,42.9,71.37,46.4,52,100,11.18,KZ,1603332289
Iranshahr,27.2,60.68,52.75,36,0,0.74,IR,1603332290
Alakurtti,66.97,30.35,28.99,89,100,5.99,RU,1603332290
Afuá,-0.16,-50.39,79.0,81,27,7.54,BR,1603332332
Gornopravdinsk,60.05,69.9,30.06,98,98,6.93,RU,1603332332
Vieques,18.43,-65.83,82.4,78,20,4.7,PR,1603332333
Longonjo,-12.91,15.25,61.97,84,82,2.24,AO,1603332333
Tempio Pausania,40.9,9.1,50.0,100,0,3.36,IT,1603332333
Marawi,8.0,124.29,84.99,70,100,3.0,PH,1603332280
Nantucket,41.28,-70.1,62.01,92,1,6.93,US,1603332251
Moose Factory,51.26,-80.61,30.2,92,90,5.82,CA,1603332334
Vágur,61.47,-6.81,43.88,68,28,14.32,FO,1603332238
Gorodovikovsk,46.09,41.93,46.47,55,100,2.42,RU,1603332334
Padang,-0.95,100.35,76.96,79,100,6.53,ID,1603332334
Mugur-Aksy,50.35,90.5,28.51,81,55,7.18,RU,1603332334
Conceição do Coité,-11.56,-39.28,70.34,85,0,11.12,BR,1603332335
Longaví,-35.97,-71.68,51.3,71,0,4.68,CL,1603332335
Bulungu,-4.55,18.6,68.29,97,70,1.5,CD,1603332335
Staraya Mayna,54.6,48.95,35.6,55,75,13.42,RU,1603332335
Vilhena,-12.74,-60.15,73.0,75,27,0.98,BR,1603332335
Makkah al Mukarramah,21.43,39.83,72.28,25,0,1.66,SA,1603332222
Rognan,67.1,15.39,35.6,59,75,18.34,NO,1603332336
Yarmouth,41.71,-70.23,64.99,100,90,6.93,US,1603332336
Bodden Town,19.28,-81.25,82.4,83,40,11.41,KY,1603332188
Arzachena,41.08,9.39,50.0,100,0,3.36,IT,1603332336
Kiruna,67.86,20.23,19.4,100,90,4.7,SE,1603332337
Puerto del Rosario,28.5,-13.86,68.0,94,100,2.24,ES,1603332337
Oranjemund,-28.55,16.43,64.71,49,99,5.93,NA,1603332270
Georgiyevka,43.04,74.71,42.8,56,100,6.71,KZ,1603332337
Malinovoye Ozero,51.68,79.78,50.65,46,100,13.82,RU,1603332337
Djenné,13.91,-4.55,82.56,22,0,4.65,ML,1603332337
Sikonge,-5.63,32.77,73.4,69,75,5.82,TZ,1603332338
Bahía Honda,22.9,-83.16,77.25,83,67,7.02,CU,1603332065
Eilat,29.56,34.95,72.14,58,0,8.39,IL,1603332338
Klaksvík,62.23,-6.59,33.8,86,83,2.24,FO,1603332337
Derzhavīnsk,51.1,66.32,36.99,76,48,13.02,KZ,1603332338
Cap Malheureux,-19.98,57.61,71.01,84,48,3.0,MU,1603332273
Malmyzh,56.52,50.68,31.24,94,96,13.29,RU,1603332339
Humaitá,-7.51,-63.02,75.45,91,100,2.95,BR,1603332339
Tornio,65.85,24.15,30.2,100,90,11.41,FI,1603332339
Nampula,-15.12,39.27,69.8,94,20,8.05,MZ,1603332339
Úvaly,50.07,14.73,48.99,93,9,5.82,CZ,1603332340
Aduturai,11.01,79.48,78.33,83,100,6.98,IN,1603332340
Tegul'det,57.31,88.17,40.86,74,100,9.62,RU,1603332340
Ambalavao,-21.83,46.93,58.32,78,81,6.22,MG,1603332340
Kristinestad,62.27,21.38,47.17,96,100,7.9,FI,1603332340
Mozelos,41.87,-8.4,55.0,100,75,6.93,PT,1603332341
Puerto Maldonado,-12.6,-69.18,76.14,75,72,2.68,PE,1603332341
San Martín,-33.08,-68.47,66.2,59,75,6.93,AR,1603332099
Tandil,-37.32,-59.13,51.01,70,100,1.99,AR,1603332341
Killybegs,54.63,-8.45,48.0,77,97,5.01,IE,1603332342
Belmonte,-15.86,-38.88,77.0,78,75,10.29,BR,1603332363
Lundazi,-12.29,33.18,68.7,50,55,7.87,ZM,1603332363
Muisne,0.6,-80.03,74.68,79,80,6.46,EC,1603332363
Buenos Aires,-34.61,-58.38,60.8,77,90,28.86,AR,1603332362
Conde,-7.26,-34.91,77.0,94,75,5.82,BR,1603332247
Tahoua,14.89,5.27,84.74,14,0,9.69,NE,1603332289
Herat Province,34.5,62.0,53.6,46,0,6.93,AF,1603332364
Düzce,40.84,31.16,60.12,62,0,2.01,TR,1603332364
Bukama,-9.2,25.85,72.84,86,100,0.6,CD,1603332364
Presidencia Roque Sáenz Peña,-26.79,-60.44,78.26,60,15,1.99,AR,1603332365
Fasa,28.94,53.65,46.4,24,0,5.26,IR,1603332365
Luena,-11.78,19.92,63.59,87,60,3.47,AO,1603332365
Chuka,-0.33,37.65,62.28,82,95,4.38,KE,1603332365
Yokadouma,3.52,15.05,67.84,95,100,0.94,CM,1603332365
Khurai,24.04,78.33,74.79,35,0,1.3,IN,1603332305
Mwingi,-0.93,38.06,64.83,80,90,3.76,KE,1603332366
Manjacaze,-24.71,33.88,66.45,96,31,5.1,MZ,1603332366
Ossining,41.16,-73.86,64.99,93,90,4.7,US,1603332366
